ano,cota_regua_posto_86879300_m,altitude_ortometrica_m,fonte
1939,18.75,18.2,"SGB, Revisao e consolidacao da serie historica das cheias do rio Taquari em Lajeado 1939-2023, Tab. 8"
1940,25.35,24.8,"SGB, Revisao e consolidacao da serie historica das cheias do rio Taquari em Lajeado 1939-2023, Tab. 8"
1941,28.87,28.32,"SGB, Revisao e consolidacao da serie historica das cheias do rio Taquari em Lajeado 1939-2023, Tab. 8"
1942,22.85,22.3,"SGB, Revisao e consolidacao da serie historica das cheias do rio Taquari em Lajeado 1939-2023, Tab. 8"
1943,14.61,14.06,"SGB, Revisao e consolidacao da serie historica das cheias do rio Taquari em Lajeado 1939-2023, Tab. 8"
1944,21.61,21.06,"SGB, Revisao e consolidacao da serie historica das cheias do rio Taquari em Lajeado 1939-2023, Tab. 8"
1945,18.15,17.6,"SGB, Revisao e consolidacao da serie historica das cheias do rio Taquari em Lajeado 1939-2023, Tab. 8"
1946,26.35,25.8,"SGB, Revisao e consolidacao da serie historica das cheias do rio Taquari em Lajeado 1939-2023, Tab. 8"
1947,16.05,15.5,"SGB, Revisao e consolidacao da serie historica das cheias do rio Taquari em Lajeado 1939-2023, Tab. 8"
1948,19.55,19.0,"SGB, Revisao e consolidacao da serie historica das cheias do rio Taquari em Lajeado 1939-2023, Tab. 8"
1949,18.25,17.7,"SGB, Revisao e consolidacao da serie historica das cheias do rio Taquari em Lajeado 1939-2023, Tab. 8"
1950,25.28,24.73,"SGB, Revisao e consolidacao da serie historica das cheias do rio Taquari em Lajeado 1939-2023, Tab. 8"
1951,18.01,17.46,"SGB, Revisao e consolidacao da serie historica das cheias do rio Taquari em Lajeado 1939-2023, Tab. 8"
1952,14.3,13.75,"SGB, Revisao e consolidacao da serie historica das cheias do rio Taquari em Lajeado 1939-2023, Tab. 8"
1953,22.06,21.51,"SGB, Revisao e consolidacao da serie historica das cheias do rio Taquari em Lajeado 1939-2023, Tab. 8"
1954,26.3,25.75,"SGB, Revisao e consolidacao da serie historica das cheias do rio Taquari em Lajeado 1939-2023, Tab. 8"
1955,19.26,18.71,"SGB, Revisao e consolidacao da serie historica das cheias do rio Taquari em Lajeado 1939-2023, Tab. 8"
1956,27.81,27.26,"SGB, Revisao e consolidacao da serie historica das cheias do rio Taquari em Lajeado 1939-2023, Tab. 8"
1957,21.8,21.25,"SGB, Revisao e consolidacao da serie historica das cheias do rio Taquari em Lajeado 1939-2023, Tab. 8"
1958,20.75,20.2,"SGB, Revisao e consolidacao da serie historica das cheias do rio Taquari em Lajeado 1939-2023, Tab. 8"
1959,25.58,25.03,"SGB, Revisao e consolidacao da serie historica das cheias do rio Taquari em Lajeado 1939-2023, Tab. 8"
1960,21.65,21.1,"SGB, Revisao e consolidacao da serie historica das cheias do rio Taquari em Lajeado 1939-2023, Tab. 8"
1961,22.75,22.2,"SGB, Revisao e consolidacao da serie historica das cheias do rio Taquari em Lajeado 1939-2023, Tab. 8"
1962,13.95,13.4,"SGB, Revisao e consolidacao da serie historica das cheias do rio Taquari em Lajeado 1939-2023, Tab. 8"
1963,22.65,22.1,"SGB, Revisao e consolidacao da serie historica das cheias do rio Taquari em Lajeado 1939-2023, Tab. 8"
1964,18.15,17.6,"SGB, Revisao e consolidacao da serie historica das cheias do rio Taquari em Lajeado 1939-2023, Tab. 8"
1965,25.85,25.3,"SGB, Revisao e consolidacao da serie historica das cheias do rio Taquari em Lajeado 1939-2023, Tab. 8"
1966,21.95,21.4,"SGB, Revisao e consolidacao da serie historica das cheias do rio Taquari em Lajeado 1939-2023, Tab. 8"
1967,25.55,25.0,"SGB, Revisao e consolidacao da serie historica das cheias do rio Taquari em Lajeado 1939-2023, Tab. 8"
1968,14.95,14.4,"SGB, Revisao e consolidacao da serie historica das cheias do rio Taquari em Lajeado 1939-2023, Tab. 8"
1969,15.25,14.7,"SGB, Revisao e consolidacao da serie historica das cheias do rio Taquari em Lajeado 1939-2023, Tab. 8"
1970,17.65,17.1,"SGB, Revisao e consolidacao da serie historica das cheias do rio Taquari em Lajeado 1939-2023, Tab. 8"
1971,22.65,22.1,"SGB, Revisao e consolidacao da serie historica das cheias do rio Taquari em Lajeado 1939-2023, Tab. 8"
1972,23.35,22.8,"SGB, Revisao e consolidacao da serie historica das cheias do rio Taquari em Lajeado 1939-2023, Tab. 8"
1973,22.15,21.6,"SGB, Revisao e consolidacao da serie historica das cheias do rio Taquari em Lajeado 1939-2023, Tab. 8"
1974,20.95,20.4,"SGB, Revisao e consolidacao da serie historica das cheias do rio Taquari em Lajeado 1939-2023, Tab. 8"
1975,19.75,19.2,"SGB, Revisao e consolidacao da serie historica das cheias do rio Taquari em Lajeado 1939-2023, Tab. 8"
1976,22.35,21.8,"SGB, Revisao e consolidacao da serie historica das cheias do rio Taquari em Lajeado 1939-2023, Tab. 8"
1977,23.85,23.3,"SGB, Revisao e consolidacao da serie historica das cheias do rio Taquari em Lajeado 1939-2023, Tab. 8"
1978,17.45,16.9,"SGB, Revisao e consolidacao da serie historica das cheias do rio Taquari em Lajeado 1939-2023, Tab. 8"
1979,19.35,18.8,"SGB, Revisao e consolidacao da serie historica das cheias do rio Taquari em Lajeado 1939-2023, Tab. 8"
1980,22.45,21.9,"SGB, Revisao e consolidacao da serie historica das cheias do rio Taquari em Lajeado 1939-2023, Tab. 8"
1981,17.2,16.65,"SGB, Revisao e consolidacao da serie historica das cheias do rio Taquari em Lajeado 1939-2023, Tab. 8"
1982,24.8,24.25,"SGB, Revisao e consolidacao da serie historica das cheias do rio Taquari em Lajeado 1939-2023, Tab. 8"
1983,24.7,24.15,"SGB, Revisao e consolidacao da serie historica das cheias do rio Taquari em Lajeado 1939-2023, Tab. 8"
1984,20.45,19.9,"SGB, Revisao e consolidacao da serie historica das cheias do rio Taquari em Lajeado 1939-2023, Tab. 8"
1985,18.95,18.4,"SGB, Revisao e consolidacao da serie historica das cheias do rio Taquari em Lajeado 1939-2023, Tab. 8"
1986,19.6,19.05,"SGB, Revisao e consolidacao da serie historica das cheias do rio Taquari em Lajeado 1939-2023, Tab. 8"
1987,21.35,20.8,"SGB, Revisao e consolidacao da serie historica das cheias do rio Taquari em Lajeado 1939-2023, Tab. 8"
1988,24.2,23.65,"SGB, Revisao e consolidacao da serie historica das cheias do rio Taquari em Lajeado 1939-2023, Tab. 8"
1989,25.85,25.3,"SGB, Revisao e consolidacao da serie historica das cheias do rio Taquari em Lajeado 1939-2023, Tab. 8"
1990,26.45,25.9,"SGB, Revisao e consolidacao da serie historica das cheias do rio Taquari em Lajeado 1939-2023, Tab. 8"
1991,18.9,18.35,"SGB, Revisao e consolidacao da serie historica das cheias do rio Taquari em Lajeado 1939-2023, Tab. 8"
1992,25.35,24.8,"SGB, Revisao e consolidacao da serie historica das cheias do rio Taquari em Lajeado 1939-2023, Tab. 8"
1993,21.15,20.6,"SGB, Revisao e consolidacao da serie historica das cheias do rio Taquari em Lajeado 1939-2023, Tab. 8"
1994,18.0,17.45,"SGB, Revisao e consolidacao da serie historica das cheias do rio Taquari em Lajeado 1939-2023, Tab. 8"
1995,15.9,15.35,"SGB, Revisao e consolidacao da serie historica das cheias do rio Taquari em Lajeado 1939-2023, Tab. 8"
1996,16.6,16.05,"SGB, Revisao e consolidacao da serie historica das cheias do rio Taquari em Lajeado 1939-2023, Tab. 8"
1997,25.6,25.05,"SGB, Revisao e consolidacao da serie historica das cheias do rio Taquari em Lajeado 1939-2023, Tab. 8"
1998,21.55,21.0,"SGB, Revisao e consolidacao da serie historica das cheias do rio Taquari em Lajeado 1939-2023, Tab. 8"
1999,15.35,14.8,"SGB, Revisao e consolidacao da serie historica das cheias do rio Taquari em Lajeado 1939-2023, Tab. 8"
2000,23.4,22.85,"SGB, Revisao e consolidacao da serie historica das cheias do rio Taquari em Lajeado 1939-2023, Tab. 8"
2001,26.9,26.35,"SGB, Revisao e consolidacao da serie historica das cheias do rio Taquari em Lajeado 1939-2023, Tab. 8"
2002,22.15,21.6,"SGB, Revisao e consolidacao da serie historica das cheias do rio Taquari em Lajeado 1939-2023, Tab. 8"
2003,21.7,21.15,"SGB, Revisao e consolidacao da serie historica das cheias do rio Taquari em Lajeado 1939-2023, Tab. 8"
2004,15.15,14.6,"SGB, Revisao e consolidacao da serie historica das cheias do rio Taquari em Lajeado 1939-2023, Tab. 8"
2005,22.8,22.25,"SGB, Revisao e consolidacao da serie historica das cheias do rio Taquari em Lajeado 1939-2023, Tab. 8"
2006,19.78,19.23,"SGB, Revisao e consolidacao da serie historica das cheias do rio Taquari em Lajeado 1939-2023, Tab. 8"
2007,26.25,25.7,"SGB, Revisao e consolidacao da serie historica das cheias do rio Taquari em Lajeado 1939-2023, Tab. 8"
2008,26.65,26.1,"SGB, Revisao e consolidacao da serie historica das cheias do rio Taquari em Lajeado 1939-2023, Tab. 8"
2009,24.5,23.95,"SGB, Revisao e consolidacao da serie historica das cheias do rio Taquari em Lajeado 1939-2023, Tab. 8"
2010,23.95,23.4,"SGB, Revisao e consolidacao da serie historica das cheias do rio Taquari em Lajeado 1939-2023, Tab. 8"
2011,26.85,26.3,"SGB, Revisao e consolidacao da serie historica das cheias do rio Taquari em Lajeado 1939-2023, Tab. 8"
2012,21.1,20.55,"SGB, Revisao e consolidacao da serie historica das cheias do rio Taquari em Lajeado 1939-2023, Tab. 8"
2013,23.83,23.28,"SGB, Revisao e consolidacao da serie historica das cheias do rio Taquari em Lajeado 1939-2023, Tab. 8"
2014,20.49,19.94,"SGB, Revisao e consolidacao da serie historica das cheias do rio Taquari em Lajeado 1939-2023, Tab. 8"
2015,24.51,23.96,"SGB, Revisao e consolidacao da serie historica das cheias do rio Taquari em Lajeado 1939-2023, Tab. 8"
2016,24.93,24.38,"SGB, Revisao e consolidacao da serie historica das cheias do rio Taquari em Lajeado 1939-2023, Tab. 8"
2017,23.92,23.37,"SGB, Revisao e consolidacao da serie historica das cheias do rio Taquari em Lajeado 1939-2023, Tab. 8"
2018,18.53,17.98,"SGB, Revisao e consolidacao da serie historica das cheias do rio Taquari em Lajeado 1939-2023, Tab. 8"
2019,22.34,21.79,"SGB, Revisao e consolidacao da serie historica das cheias do rio Taquari em Lajeado 1939-2023, Tab. 8"
2020,27.39,26.84,"SGB, Revisao e consolidacao da serie historica das cheias do rio Taquari em Lajeado 1939-2023, Tab. 8"
2021,15.99,15.44,"SGB, Revisao e consolidacao da serie historica das cheias do rio Taquari em Lajeado 1939-2023, Tab. 8"
2022,20.57,20.02,"SGB, Revisao e consolidacao da serie historica das cheias do rio Taquari em Lajeado 1939-2023, Tab. 8"
2023,29.53,28.98,"SGB, Revisao e consolidacao da serie historica das cheias do rio Taquari em Lajeado 1939-2023, Tab. 8"
2024,33.35,32.8,"Governo de Lajeado via Grupo A Hora (maio/2024); outra fonte cita 33,67 -- nao consolidado pelo SGB"
